{
  "0": {
    "execution": {
      "num_procs": 6,
      "tensor_par": 2,
      "pipeline_par": 1,
      "data_par": 3,
      "tensor_par_net": 0,
      "pipeline_par_net": 0,
      "data_par_net": 0,
      "batch_size": 510,
      "microbatch_size": 170,
      "datatype": "float16",
      "fused_activation": true,
      "attention_type": "multihead",
      "activation_recompute": "attn_only",
      "pipeline_interleaving": 1,
      "optimizer_sharding": true,
      "tensor_par_comm_type": "ar",
      "tensor_par_overlap": "none",
      "seq_par_ag_redo": false,
      "data_par_overlap": false,
      "weight_offload": false,
      "activations_offload": false,
      "optimizer_offload": false,
      "training": true
    },
    "stats": {
      "block_fw_flops": 2571013980160.0,
      "block_fw_flops_time": 0.027571233587510676,
      "block_fw_mem_accessed": 31742500864,
      "block_fw_mem_time": 0.00881736135111111,
      "block_fw_time": 0.030644384398015728,
      "baseblock_fw_tp_time": 0.01633004606060606,
      "edgeblock_fw_tp_time": 0.01633004606060606,
      "baseblock_fw_tp_time_exposed": 0.01633004606060606,
      "edgeblock_fw_tp_time_exposed": 0.01633004606060606,
      "block_re_flops": 2212537303040,
      "block_re_flops_time": 0.02113764673145937,
      "block_re_mem_accessed": 35839295488,
      "block_re_mem_time": 0.009955359857777778,
      "block_re_time": 0.005249879023177169,
      "baseblock_recomm_time": 0.0,
      "edgeblock_recomm_time": 0.0,
      "baseblock_recomm_time_exposed": 0.0,
      "edgeblock_recomm_time_exposed": 0.0,
      "block_agrad_flops": 2945533870080.0,
      "block_agrad_flops_time": 0.037106778339319565,
      "block_agrad_mem_accessed": 35307659264,
      "block_agrad_mem_time": 0.009807683128888887,
      "block_agrad_time": 0.04009080018982461,
      "baseblock_agrad_tp_time": 0.01633004606060606,
      "edgeblock_agrad_tp_time": 0.01633004606060606,
      "baseblock_agrad_tp_time_exposed": 0.01633004606060606,
      "edgeblock_agrad_tp_time_exposed": 0.01633004606060606,
      "block_wgrad_flops": 2192928931840,
      "block_wgrad_flops_time": 0.020320631264792707,
      "block_wgrad_mem_accessed": 5716844544,
      "block_wgrad_mem_time": 0.0015880123733333336,
      "block_wgrad_time": 0.020612778464792703,
      "block_optim_flops": 23083690.666666664,
      "block_optim_flops_time": 8.743822222222222e-05,
      "block_optim_mem_accessed": 25182208.0,
      "block_optim_mem_time": 1.5933440000000002e-05,
      "block_optim_time": 8.758613333333333e-05,
      "baseblock_fw_tp_size": 713031680,
      "edgeblock_fw_tp_size": 713031680,
      "baseblock_bw_tp_size": 713031680,
      "edgeblock_bw_tp_size": 713031680,
      "baseblock_recomm_size": 0,
      "edgeblock_recomm_size": 0,
      "block_fw_pp_size": 0,
      "block_bw_pp_size": 0,
      "block_dp_size": 12591104,
      "tp_bw_overlap_req": 0,
      "dp_bw_overlap_req_chunk": 0,
      "dp_bw_overlap_req_tail": 0,
      "block_weight_space": 12591104,
      "block_act_working_space": 11051991040,
      "block_act_storage_space": 2852126720,
      "block_act_checkpoint_size": 0,
      "block_weight_grad_space": 4197034.666666666,
      "block_weight_grad_space_no_sharding": 25182208,
      "block_act_grad_space": 11765022720,
      "block_optimizer_space": 25182208.0,
      "weight_space_with_offload": 25182208,
      "act_space_with_offload": 13904117760,
      "act_checkpoint_size_with_offload": 0,
      "act_grad_space_with_offload": 11765022720,
      "weight_grad_space_with_offload": 29379242.666666664,
      "optimizer_space_with_offload": 50364416.0,
      "weight_space": 302186496,
      "act_space": 76650905600,
      "act_checkpoint_size": 0,
      "act_grad_space": 11765022720,
      "weight_grad_space": 121714005.33333331,
      "optimizer_space": 604372992.0,
      "fw_time": 0.7354652255523775,
      "bw_time": 1.4568858877108155,
      "optim_step_time": 0.0021020672,
      "recompute_time": 0.12599709655625208,
      "recomm_link_time": 0.0,
      "recomm_exposed_time": 0.0,
      "bubble_time": 0.0,
      "tp_comm_link_time": 0.7838422109090909,
      "pp_comm_link_time": 0.0,
      "dp_comm_link_time": 0.031791104,
      "tp_comm_exposed_time": 0.7838422109090909,
      "pp_comm_exposed_time": 0.0,
      "dp_comm_exposed_time": 0.031791104,
      "fw_offload_exposed_time": 0,
      "bw_offload_exposed_time": 0,
      "flow_network_comm_time": 9.99999993922529e-09,
      "total_time": 2.3206615615438895,
      "act_offload_bw_req": 74747007218.08319,
      "weight_offload_bw_req": 329980899.8569447,
      "optim_offload_bw_req": 414447045.2349614,
      "offload_mem_bw_req": 0.0,
      "proc_mem_tier1_cap_req": 89444201813.33333,
      "proc_mem_tier2_cap_req": 0,
      "useful_flops": 7709499865770.666,
      "compute_efficiency": 0.7026351652800711,
      "system_efficiency": 0.9456153438432735,
      "total_efficiency": 0.6644225934126897,
      "sample_rate": 219.7649189572939
    }
  }
}