{
  "0": {
    "execution": {
      "num_procs": 5128,
      "tensor_par": 8,
      "pipeline_par": 1,
      "data_par": 641,
      "tensor_par_net": 0,
      "pipeline_par_net": 0,
      "data_par_net": 1,
      "batch_size": 1923,
      "microbatch_size": 3,
      "datatype": "float16",
      "fused_activation": true,
      "attention_type": "multihead",
      "activation_recompute": "attn_only",
      "pipeline_interleaving": 1,
      "optimizer_sharding": true,
      "tensor_par_comm_type": "rs_ag",
      "tensor_par_overlap": "ring",
      "seq_par_ag_redo": false,
      "data_par_overlap": true,
      "weight_offload": true,
      "activations_offload": true,
      "optimizer_offload": true,
      "training": true
    },
    "stats": {
      "block_fw_flops": 7861847457792,
      "block_fw_flops_time": 0.02670217415917229,
      "block_fw_mem_accessed": 6109167616,
      "block_fw_mem_time": 0.0033656533333333333,
      "block_fw_time": 0.030966055904813317,
      "baseblock_fw_tp_time": 0.006843645046153847,
      "edgeblock_fw_tp_time": 0.006843645046153847,
      "baseblock_fw_tp_time_exposed": 0,
      "edgeblock_fw_tp_time_exposed": 0,
      "block_re_flops": 5994118643712,
      "block_re_flops_time": 0.020382272646045883,
      "block_re_mem_accessed": 6184747008,
      "block_re_mem_time": 0.0033759466666666666,
      "block_re_time": 0.0015166808834188035,
      "baseblock_recomm_time": 0.0017038535384615386,
      "edgeblock_recomm_time": 0.0017038535384615386,
      "baseblock_recomm_time_exposed": 0,
      "edgeblock_recomm_time_exposed": 0,
      "block_agrad_flops": 7991866687488,
      "block_agrad_flops_time": 0.027200817093959512,
      "block_agrad_mem_accessed": 5480022016,
      "block_agrad_mem_time": 0.0030448,
      "block_agrad_time": 0.03114384550626721,
      "baseblock_agrad_tp_time": 0.006843645046153846,
      "edgeblock_agrad_tp_time": 0.006843645046153846,
      "baseblock_agrad_tp_time_exposed": 0,
      "edgeblock_agrad_tp_time_exposed": 0,
      "block_wgrad_flops": 7731161333760,
      "block_wgrad_flops_time": 0.026111028236437246,
      "block_wgrad_mem_accessed": 1950515200,
      "block_wgrad_mem_time": 0.0010718933333333334,
      "block_wgrad_time": 0.027406552346693657,
      "block_optim_flops": 10797976.162246492,
      "block_optim_flops_time": 1.3843559182367296e-06,
      "block_optim_mem_accessed": 11779610.358814353,
      "block_optim_mem_time": 1.0386271450858035e-05,
      "block_optim_time": 1.1770627369094764e-05,
      "baseblock_fw_tp_size": 1006632960,
      "edgeblock_fw_tp_size": 1006632960,
      "baseblock_bw_tp_size": 1006632960,
      "edgeblock_bw_tp_size": 1006632960,
      "baseblock_recomm_size": 251658240,
      "edgeblock_recomm_size": 251658240,
      "block_fw_pp_size": 0,
      "block_bw_pp_size": 0,
      "block_dp_size": 1258455040,
      "tp_bw_overlap_req": 98414062500.0,
      "dp_bw_overlap_req_chunk": 0,
      "dp_bw_overlap_req_tail": 46421128893.13977,
      "block_weight_space": 1258455040,
      "block_act_working_space": 1415577600,
      "block_act_storage_space": 408944640,
      "block_act_checkpoint_size": 0,
      "block_weight_grad_space": 1963268.3931357255,
      "block_weight_grad_space_no_sharding": 2516910080,
      "block_act_grad_space": 1541406720,
      "block_optimizer_space": 11779610.358814353,
      "weight_space_with_offload": 2516910080,
      "act_space_with_offload": 1824522240,
      "act_checkpoint_size_with_offload": 0,
      "act_grad_space_with_offload": 1541406720,
      "weight_grad_space_with_offload": 2518873348.3931355,
      "optimizer_space_with_offload": 23559220.717628706,
      "weight_space": 132137779200,
      "act_space": 43945820160,
      "act_checkpoint_size": 0,
      "act_grad_space": 1541406720,
      "weight_grad_space": 2721089992.8861156,
      "optimizer_space": 1236859087.675507,
      "fw_time": 3.2514358700053982,
      "bw_time": 6.147791774560891,
      "optim_step_time": 0.00123591587375495,
      "recompute_time": 0.15925149275897435,
      "recomm_link_time": 0.17890462153846154,
      "recomm_exposed_time": 0,
      "bubble_time": 0.0,
      "tp_comm_link_time": 1.4371654596923078,
      "pp_comm_link_time": 0.0,
      "dp_comm_link_time": 11.749780373333333,
      "tp_comm_exposed_time": 0,
      "pp_comm_exposed_time": 0.0,
      "dp_comm_exposed_time": 6.291010267109377,
      "fw_offload_exposed_time": 1.448585203678812,
      "bw_offload_exposed_time": 0,
      "total_time": 17.299310523987206,
      "act_offload_bw_req": 14816618668.546892,
      "weight_offload_bw_req": 45595532048.52111,
      "optim_offload_bw_req": 245626167.77259618,
      "offload_mem_bw_req": 45595532048.52111,
      "proc_mem_tier1_cap_req": 8425271609.110764,
      "proc_mem_tier2_cap_req": 177526601628.95477,
      "useful_flops": 23584886277016.16,
      "compute_efficiency": 0.8443436105245692,
      "system_efficiency": 0.5434010533197476,
      "total_efficiency": 0.4588172073228497,
      "sample_rate": 111.1604995663596
    }
  }
}