{
  "matrix" : {
    "float16": {
      "tflops": 120,
      "gflops_efficiency": [
	[70370, 0.973053],
	[8796, 0.965694],
	[1099, 0.955649], 
	[137.4, 0.9029],
	[17.1, 0.81784],
        [2.1, 0.547966],
        [0.26, 0.173998],
        [0.03, 0.032852],
	[0, 0.00549]
      ]
    }
  },
  "vector": {
    "float16": {
      "tflops": 120,
      "gflops_efficiency": [
	[4400, 0.72],
        [550, 0.74],
        [68, 0.71],
        [9, 0.6],
        [1, 0.3],
	[0, 0.0033]
      ]
    }
  },
  "mem1": {
    "GiB": 85,
    "GBps": 4000,
    "MB_efficiency": [
      [128, 0.9],
      [64, 0.9],
      [32, 0.9],
      [16, 0.8],
      [8, 0.6],
      [2, 0.24],
      [0.5, 0.14],
      [0, 0.02]
    ]
  },
  "mem2": {
    "GiB": 5,
    "GBps": 32,
    "MB_efficiency": [
      [100, 0.95],
      [10, 0.9],
      [1, 0.7],
      [0, 0.63]
    ]
  },
  "processing_mode": "roofline",
  "networks": [
    {
      "bandwidth": 200,
      "efficiency": 0.75,
      "size": 6,
      "latency": 0.0004,
      "ops": {
        "p2p": [1.0, null],
        "reduce_scatter": [1.5, -1],
        "all_gather": [1.5, -1],
        "all_reduce": [2.0, -1]
      },
      "must_be_filled": false,
      "processor_usage": 0.15
    },{
      "bandwidth": 32,
      "efficiency": 0.8,
      "size": 65536,
      "latency": 0.002,
      "ops": {
        "p2p": [1.0, null],
        "reduce_scatter": [1.0, -1],
        "all_gather": [1.0, -1],
        "all_reduce": [2.0, -1]
      },
      "must_be_filled": false,
      "processor_usage": 0.02
    }
  ]
}
